{
  "images" : [
    {
      "extent" : "full-screen",
      "filename" : "1242x2688.png",
      "idiom" : "iphone",
      "minimum-system-version" : "12.0",
      "orientation" : "portrait",
      "scale" : "3x",
      "subtype" : "2688h"
    },
    {
      "extent" : "full-screen",
      "filename" : "828x1792.png",
      "idiom" : "iphone",
      "minimum-system-version" : "12.0",
      "orientation" : "portrait",
      "scale" : "2x",
      "subtype" : "1792h"
    },
    {
      "extent" : "full-screen",
      "filename" : "1125x2436.png",
      "idiom" : "iphone",
      "minimum-system-version" : "11.0",
      "orientation" : "portrait",
      "scale" : "3x",
      "subtype" : "2436h"
    },
    {
      "extent" : "full-screen",
      "filename" : "1242x2208.png",
      "idiom" : "iphone",
      "minimum-system-version" : "8.0",
      "orientation" : "portrait",
      "scale" : "3x",
      "subtype" : "736h"
    },
    {
      "extent" : "full-screen",
      "filename" : "750x1334.png",
      "idiom" : "iphone",
      "minimum-system-version" : "8.0",
      "orientation" : "portrait",
      "scale" : "2x",
      "subtype" : "667h"
    },
    {
      "extent" : "full-screen",
      "filename" : "640x960.png",
      "idiom" : "iphone",
      "minimum-system-version" : "7.0",
      "orientation" : "portrait",
      "scale" : "2x"
    },
    {
      "extent" : "full-screen",
      "filename" : "640x1136.png",
      "idiom" : "iphone",
      "minimum-system-version" : "7.0",
      "orientation" : "portrait",
      "scale" : "2x",
      "subtype" : "retina4"
    }
  ],
  "info" : {
    "author" : "xcode",
    "version" : 1
  }
}
